Country Name,Country Code,1999,2000,2001,2002,2003,2004,2005,2006,2007,2008,2009,2010,2011,2012,2013,2014,2015,2016
Aruba,ABW,1722798883,1873452514,1920262570,1941094972,2021301676,2228279330,2331005587,2421474860,2623726257,2791960894,2498932961,2467703911,2584463687,,,,,
Andorra,AND,1239840270,1401694156,1484004617,1717563533,2373836214,2916913449,3248134607,3536451646,4010785102,4001349340,3649863493,3346317329,3427235709,3146177741,3249100667,,,
Afghanistan,AFG,,,2461666315,4128818042,4583648922,5285461999,6275076016,7057598407,9843842455,10190529882,12486943506,15936800636,17930239400,20536542737,20046334304,20050189882,19199437989,
Angola,AGO,6152936539,9129634978,8936063723,12497346670,14188949191,19640848729,28233712831,41789478661,60448921272,84178032716,75492384801,82470913121,1.04116E+11,1.15398E+11,1.24912E+11,1.26775E+11,1.02643E+11,
Albania,ALB,3414760915,3632043908,4060758804,4435078648,5746945913,7314865176,8158548717,8992642349,10701011897,12881352688,12044212904,11926953259,12890867539,12319784787,12781029644,13277963807,11455595709,
Arab World,ARB,6.43135E+11,7.33948E+11,7.22151E+11,7.27994E+11,8.2187E+11,9.63918E+11,1.18473E+12,1.40419E+12,1.64167E+12,2.08134E+12,1.79888E+12,2.10382E+12,2.49794E+12,2.77327E+12,2.84699E+12,2.8736E+12,2.5301E+12,
United Arab Emirates,ARE,84445473111,1.04337E+11,1.03312E+11,1.09816E+11,1.24346E+11,1.47824E+11,1.80617E+11,2.22106E+11,2.57916E+11,3.15475E+11,2.53547E+11,2.86049E+11,3.48526E+11,3.7343E+11,3.87192E+11,3.99451E+11,3.70293E+11,
Argentina,ARG,2.83523E+11,2.84204E+11,2.68697E+11,97724004252,1.27587E+11,1.64658E+11,1.99496E+11,2.33582E+11,2.88833E+11,3.63137E+11,3.3449E+11,4.25916E+11,5.332E+11,5.48935E+11,5.54155E+11,5.29726E+11,5.83169E+11,
Armenia,ARM,1845482181,1911563665,2118467913,2376335048,2807061009,3576615240,4900469515,6384451606,9206301700,11662040714,8647936748,9260284938,10142111334,10619320049,11121465767,11644438423,10561401185,
American Samoa,ASM,,,,,,,,,,,,,,,,,,
Antigua and Barbuda,ATG,651851851.9,783837851.9,773765185.2,802529333.3,839996370.4,898356148.1,997374111.1,1135143593,1289254333,1347349852,1206410370,1135539037,1129918370,1204713111,1200587519,1220976000,1297285370,
Australia,AUS,3.88672E+11,4.14952E+11,3.78459E+11,3.94196E+11,4.66348E+11,6.12695E+11,6.93075E+11,7.46881E+11,8.53053E+11,1.05456E+12,9.26564E+11,1.14225E+12,1.38992E+12,1.53748E+12,1.56395E+12,1.45468E+12,1.33954E+12,
Austria,AUT,2.16725E+11,1.96422E+11,1.96954E+11,2.12971E+11,2.60721E+11,2.99857E+11,3.14649E+11,3.34309E+11,3.86459E+11,4.27612E+11,3.97594E+11,3.90235E+11,4.29011E+11,4.07373E+11,4.28699E+11,4.36888E+11,3.74056E+11,
Azerbaijan,AZE,4581222442,5272617196,5707618247,6236024951,7275766111,8680511918,13245421881,20983019924,33050343783,48852482960,44291490421,52902703376,65951627200,68730906314,73560484385,75198010965,53047140347,
Burundi,BDI,808077223.4,870486065.9,876794723.1,825394490.2,784654423.6,915257323.4,1117257279,1273180597,1356078278,1611634332,1739781489,2026864469,2355652126,2472384907,2714505635,3093647227,3085184837,
Belgium,BEL,2.60202E+11,2.37905E+11,2.37842E+11,2.5886E+11,3.19003E+11,3.70885E+11,3.87366E+11,4.09813E+11,4.71822E+11,5.18626E+11,4.84553E+11,4.83577E+11,5.26975E+11,4.97816E+11,5.21371E+11,5.31235E+11,4.54039E+11,
Benin,BEN,2689787918,2569186643,2680213931,3054571082,3905366188,4521424807,4803702821,5142380779,5969535132,7132787397,7097198712,6970240895,7814081156,8117100934,9110800745,9575356735,8476125181,
Burkina Faso,BFA,3014665729,2632700363,2812845514,3205592290,4205691222,4838551100,5462709498,5844669846,6771277871,8369637065,8369175126,8979966766,10724061339,11166061508,12114166021,12549126616,11099473097,
Bangladesh,BGD,51270569884,53369787319,53991289844,54724081491,60158929188,65108544250,69442943089,71819083684,79611888213,91631278239,1.02478E+11,1.15279E+11,1.28638E+11,1.33356E+11,1.4999E+11,1.72885E+11,1.95079E+11,
Bulgaria,BGR,13495062850,13148099185,14135393876,16360346654,21074775206,26094622564,29821662537,34304448150,44765733380,54666642734,51783454184,49939168133,56949835052,53576670828,55626359256,56717054674,48952959080,
Bahrain,BHR,6621010372,9062906915,8976207713,9632155053,11074822074,13150166755,15968726862,18505053191,21730000000,25710877660,22938218085,25713271277,29044069149,30756462766,32897606383,33851063830,32221489362,
"Bahamas, The",BHS,6019972000,6327552000,6516651000,6957996000,6949317000,7094413000,7706222000,7965588000,8318996000,8246650000,7820420000,7909580000,7889750000,8234470000,8431750000,8510500000,8884441432,
Bosnia and Herzegovina,BIH,4685729739,5505984456,5748990666,6651226179,8370020196,10022840635,11225138297,12866524918,15776422673,19101454464,17600630727,17163117551,18628022743,17207367626,18154290272,18521476055,15995392118,
Belarus,BLR,12138485329,12736856485,12354820144,14594925393,17825436035,23141587718,30210091837,36961821894,45275747861,60752177439,49208656976,55220932614,59734593905,63615445567,73097619637,76103961203,54608962635,
Belize,BLZ,732732350,832072450,871860600,932551850,990350000,1057850000,1114202700,1217442150,1290542550,1368625150,1336957250,1397113450,1486712300,1573618750,1625828100,1717861750,1763000000,
Bermuda,BMU,3324433000,3480219000,3680483000,3937228000,4186525000,4484703000,4868136000,5414299000,5895048000,6109928000,5806378000,5744414000,5550771000,5537537000,5573710000,,,
Bolivia,BOL,8285075872,8397912509,8141537938,7905485216,8082364868,8773451739,9549077869,11451869165,13120183157,16674324634,17339992165,19649631308,23963033444,27084497540,30659338929,32996187988,33196819572,
Brazil,BRA,5.99389E+11,6.55421E+11,5.59373E+11,5.07963E+11,5.5832E+11,6.69316E+11,8.9163E+11,1.10764E+12,1.39708E+12,1.69582E+12,1.66702E+12,2.20887E+12,2.61457E+12,2.46066E+12,2.46577E+12,2.41705E+12,1.77472E+12,
Barbados,BRB,3011982170,3121500000,3116500000,3169500000,3275000000,3514500000,3897500000,4303500000,4546000000,4595000000,4602000000,4445500000,4358000000,4313000000,4281000000,4354500000,4451000000,
Brunei Darussalam,BRN,4600000000,6001153306,5601090584,5843329108,6557333085,7872333215,9531402848,11470703002,12247694247,14393099069,10732366286,12370616062,16691533190,16953505122,16110693734,17104656669,15492035784,
Bhutan,BTN,419035810.5,439158233.2,476360697.2,537050133.7,622026107.8,702682019,818869145.1,897731524.9,1196091805,1258332337,1264758198,1585472534,1820207626,1823692110,1798333726,1958819915,1962221696,
Botswana,BWA,5484257417,5788329609,5489608300,5438857107,7511582173,8957467707,9931134941,10126940513,10939053365,10945070442,10267128733,12786662035,15682931970,14686249032,14814801573,15880195735,14390863395,
Central African Republic,CAF,999477510.7,914500299.1,931833302.8,991387870.1,1139754799,1270080251,1350301057,1460562038,1698125618,1985370058,1981728141,1986014846,2212699747,2184183758,1494073354,1691091492,1503299944,
Canada,CAN,6.76083E+11,7.42293E+11,7.3638E+11,7.57951E+11,8.92381E+11,1.0232E+12,1.16936E+12,1.31542E+12,1.46498E+12,1.54913E+12,1.37115E+12,1.61341E+12,1.7887E+12,1.82429E+12,1.83744E+12,1.78378E+12,1.55054E+12,
Central Europe and the Baltics,CEB,4.32378E+11,4.27507E+11,4.68119E+11,5.27093E+11,6.34213E+11,7.60811E+11,8.83741E+11,1.00007E+12,1.26007E+12,1.51907E+12,1.27603E+12,1.31161E+12,1.44482E+12,1.34887E+12,1.41933E+12,1.45765E+12,1.27322E+12,
Switzerland,CHE,2.89884E+11,2.7166E+11,2.78629E+11,3.01128E+11,3.51983E+11,3.93542E+11,4.07536E+11,4.29196E+11,4.77408E+11,5.51547E+11,5.39528E+11,5.81212E+11,6.96312E+11,6.65408E+11,6.84919E+11,7.01037E+11,6.64738E+11,
Channel Islands,CHI,6262740657,6439703435,6232906290,6663669065,7332244898,8553643354,8827272727,9676172953,11514605842,,,,,,,,,
Chile,CHL,72995286764,79328640264,72336972322,70984568429,77840186385,1.00631E+11,1.24404E+11,1.54671E+11,1.73081E+11,1.79627E+11,1.71957E+11,2.17538E+11,2.50832E+11,2.65232E+11,2.77079E+11,2.58733E+11,2.40216E+11,
China,CHN,1.08945E+12,1.20526E+12,1.33223E+12,1.46191E+12,1.64993E+12,1.94175E+12,2.2686E+12,2.72978E+12,3.52309E+12,4.55843E+12,5.05942E+12,6.03966E+12,7.49243E+12,8.46162E+12,9.4906E+12,1.03511E+13,1.08664E+13,
Cote d'Ivoire,CIV,12376639823,10717022463,11192560827,12346919216,15306602560,16554441847,17084928927,17800887796,20343635320,24224903100,24277493862,24884505035,25381616734,27040562587,31292560974,34253607832,31752543539,
Cameroon,CMR,10486451144,9287367235,9633109350,10879778384,13621738837,15775357015,16587858857,17953066721,20431780378,23322254114,23381142147,23622483984,26587311528,26472056038,29567504655,32050817633,29198372811,
"Congo, Rep.",COG,2353909442,3219910666,2794259756,3019993723,3495868725,4648628840,6087002682,7731261311,8394688284,11859014004,9593536531,12007880590,14425607224,13677930124,14085852120,14177437627,8553154506,
Colombia,COL,86186156584,99886577576,98203544965,97933392356,94684582573,1.17075E+11,1.46566E+11,1.6259E+11,2.07416E+11,2.43982E+11,2.33822E+11,2.87018E+11,3.35415E+11,3.6966E+11,3.80192E+11,3.78416E+11,2.9208E+11,
Comoros,COM,222580453.8,203846427.8,220093812.2,246737679.5,317562269.4,368143118.7,380372892.6,406111873.5,462453582.9,517477678.6,514788082.3,516962886.8,566024620.5,550476566.1,598925513.2,623751044.5,,
Cabo Verde,CPV,592416703.1,539227277.6,563024383.3,620974660.2,813963830.2,924318490.8,971977088.2,1107891063,1513933983,1789333749,1711817182,1664310770,1864824081,1751888562,1837908563,1871187071,1629759975,
Costa Rica,CRI,15796567138,15946443103,16403602943,16844378578,17517536016,18596365927,19964925503,22526463619,26322000105,29837895769,29382694861,36298327620,41237293551,45300669857,49236713603,49552639049,51106697024,
Caribbean small states,CSS,29722066501,32206650709,33147771381,34932666036,37469129525,41154157411,46626975107,52391543017,58277065056,66470658556,55910583634,59631444333,64644238532,66505275837,69371346767,71327803910,70876623388,
Cuba,CUB,28365300000,30565200000,31683300000,33590400000,35901500000,38202800000,42644200000,52742100000,58603500000,60806300000,62078600000,64328200000,68990140000,73139050000,77149700000,,,
Curacao,CUW,,,,,,,,,,,,,,,,,,
Cayman Islands,CYM,,,,,,,,3207032513,,,,,,,,,,
Cyprus,CYP,10443559871,9929632422,10328979964,11345759615,14445240091,17164625000,18270009451,19866878479,23716042497,27493064742,25593262401,25247424011,27089174646,24940600822,24055947955,23227106276,19319729400,
Czech Republic,CZE,64719461255,61474265135,67375623427,81696651659,99300329682,1.18976E+11,1.3599E+11,1.55213E+11,1.88818E+11,2.35205E+11,2.0573E+11,2.07016E+11,2.27313E+11,2.06442E+11,2.08328E+11,2.0527E+11,1.81811E+11,
Germany,DEU,2.19996E+12,1.94995E+12,1.95065E+12,2.07914E+12,2.50573E+12,2.81925E+12,2.86141E+12,3.00245E+12,3.43995E+12,3.75237E+12,3.41801E+12,3.4173E+12,3.75746E+12,3.53962E+12,3.74532E+12,3.86829E+12,3.35577E+12,
Djibouti,DJI,536080148.1,551230861.9,572417440.8,591122039.6,622044665.5,666072101.8,708633194.7,768873684,847918929.1,999105339.3,1049110685,1128611700,1239144502,1353632942,1455416074,1589025860,,
Dominica,DMA,267740736,335845808.9,343119364.3,337695734.8,350091216,374771474.9,370370370.4,390370370.4,421481481.5,458148148.1,489259259.3,493703703.7,501481481.5,485185185.2,506666666.7,524605000,537777777.8,
Denmark,DNK,1.77965E+11,1.64159E+11,1.64791E+11,1.78635E+11,2.18096E+11,2.51243E+11,2.6456E+11,2.82961E+11,3.195E+11,3.52592E+11,3.19762E+11,3.19811E+11,3.41499E+11,3.25012E+11,3.38927E+11,3.46119E+11,2.95164E+11,
Dominican Republic,DOM,21709726722,23996100575,24892595799,26571659051,21277171990,22039210346,34004081037,35952890849,44073886687,48152993004,48193458083,53864484468,58361928552,60595109805,61198323069,63968906782,67103263863,
Algeria,DZA,48640611686,54790060513,54744714110,56760288396,67863829705,85324998959,1.03198E+11,1.17027E+11,1.34977E+11,1.71001E+11,1.37211E+11,1.61207E+11,2.00013E+11,2.09047E+11,2.09704E+11,2.13518E+11,1.66839E+11,
East Asia & Pacific (excluding high income),EAP,1.5748E+12,1.73476E+12,1.84804E+12,2.04506E+12,2.31127E+12,2.68031E+12,3.0984E+12,3.72697E+12,4.71154E+12,5.95499E+12,6.45142E+12,7.82005E+12,9.55372E+12,1.06545E+13,1.17369E+13,1.26135E+13,1.30674E+13,
Early-demographic dividend,EAR,3.02885E+12,3.28395E+12,3.24846E+12,3.15368E+12,3.52214E+12,4.09181E+12,4.76797E+12,5.45637E+12,6.48254E+12,7.29512E+12,7.01499E+12,8.50942E+12,9.50296E+12,9.91419E+12,1.00828E+13,1.02509E+13,9.91138E+12,
East Asia & Pacific,EAS,7.53604E+12,8.13497E+12,7.56947E+12,7.69964E+12,8.46643E+12,9.4955E+12,1.01098E+13,1.0735E+13,1.20344E+13,1.38799E+13,1.42867E+13,1.6674E+13,1.93052E+13,2.06728E+13,2.08757E+13,2.14898E+13,2.12812E+13,
Europe & Central Asia (excluding high income),ECA,6.20914E+11,6.91863E+11,6.89527E+11,7.87659E+11,9.94036E+11,1.3134E+12,1.66261E+12,2.04198E+12,2.63894E+12,3.26645E+12,2.56145E+12,3.0536E+12,3.75664E+12,3.93322E+12,4.11871E+12,3.85512E+12,2.88777E+12,
Europe & Central Asia,ECS,1.0534E+13,9.924E+12,1.0031E+13,1.09776E+13,1.33813E+13,1.5604E+13,1.66206E+13,1.79937E+13,2.10365E+13,2.30945E+13,2.03284E+13,2.08319E+13,2.30745E+13,2.21757E+13,2.31108E+13,2.33646E+13,1.99856E+13,
Ecuador,ECU,19645272636,18327764882,24468324000,28548945000,32432859000,36591661000,41507085000,46802044000,51007777000,61762635000,62519686000,69555367000,79276664000,87924544000,94776170000,1.00917E+11,1.00872E+11,
"Egypt, Arab Rep.",EGY,90710704807,99838543960,97632008710,87850683979,82924503943,78845185293,89685725230,1.07484E+11,1.30479E+11,1.62818E+11,1.88982E+11,2.18888E+11,2.36002E+11,2.76353E+11,2.86011E+11,3.01499E+11,3.30779E+11,
Euro area,EMU,7.11884E+12,6.48643E+12,6.59232E+12,7.17262E+12,8.85002E+12,1.01508E+13,1.05336E+13,1.11826E+13,1.28754E+13,1.41134E+13,1.2903E+13,1.26404E+13,1.36212E+13,1.26344E+13,1.31846E+13,1.34074E+13,1.15397E+13,
Eritrea,ERI,688921325.7,706370815.6,752368495.5,729321366.7,870247703.2,1109054005,1098425901,1211161880,1317974491,1380188800,1856695551,2117039512,2607739837,,,,,
Spain,ESP,6.33194E+11,5.95403E+11,6.25976E+11,7.05146E+11,9.06853E+11,1.06956E+12,1.15728E+12,1.26455E+12,1.47934E+12,1.63499E+12,1.49907E+12,1.43167E+12,1.48792E+12,1.33995E+12,1.36926E+12,1.38134E+12,1.19906E+12,
Estonia,EST,5726895230,5685773519,6245072062,7322068381,9833875339,12059204969,14006093769,16963630661,22237065426,24194038377,19652486802,19494662252,23168793439,23135266649,25246787742,26485161116,22691482755,
Ethiopia,ETH,7700833482,8242392104,8231326016,7850809498,8623691300,10131187261,12401139454,15280861835,19707616773,27066912635,32437389116,29933790334,31952763089,43310721414,47648211133,55612228234,61537143095,
European Union,EUU,9.48811E+12,8.81809E+12,8.92266E+12,9.73274E+12,1.18597E+13,1.37017E+13,1.4334E+13,1.52951E+13,1.76856E+13,1.90291E+13,1.70209E+13,1.69461E+13,1.83213E+13,1.72494E+13,1.79863E+13,1.85167E+13,1.62295E+13,
Fragile and conflict affected situations,FCS,,2.25095E+11,2.10723E+11,2.0366E+11,2.28379E+11,2.61554E+11,3.18331E+11,3.72417E+11,4.62916E+11,5.87734E+11,5.3954E+11,6.30599E+11,6.73405E+11,7.78846E+11,7.86444E+11,7.79682E+11,6.99441E+11,
Finland,FIN,1.35226E+11,1.2554E+11,1.2925E+11,1.39553E+11,1.71071E+11,1.96768E+11,2.04436E+11,2.16553E+11,2.55385E+11,2.83742E+11,2.51499E+11,2.47815E+11,2.73657E+11,2.56706E+11,2.6998E+11,2.72336E+11,2.2981E+11,
Fiji,FJI,1942170999,1684109743,1660102346,1842691481,2315935753,2727507213,3006725015,3102741451,3405050612,3523185920,2870624636,3140508836,3774537140,3977652383,4196263712,4531870927,4386008745,
France,FRA,1.50028E+12,1.36844E+12,1.38222E+12,1.50034E+12,1.84812E+12,2.12411E+12,2.20368E+12,2.32501E+12,2.66311E+12,2.92347E+12,2.69383E+12,2.64699E+12,2.8625E+12,2.68142E+12,2.80851E+12,2.82919E+12,2.42168E+12,
Faroe Islands,FRO,1125684470,1062339944,1154899793,1268445919,1486861879,1683997930,1730891409,1970142378,2278229533,2413237402,2257097732,2301178416,2468748768,2356505419,2613458942,,,
"Micronesia, Fed. Sts.",FSM,220660500,233226300,240051900,241543400,244991000,239563300,249845600,252991200,255890800,261339600,277510900,294117200,310287500,325835160.3,315725617,318071978.6,,
Gabon,GAB,4662992036,5067865321,5018874179,5310381151,6497305662,7756293575,9458884812,10154041930,12438956756,15508574820,12065138273,14358584300,18186478120,17171447372,17590716232,18179717776,14339723935,
United Kingdom,GBR,1.56541E+12,1.5548E+12,1.53594E+12,1.68026E+12,1.94303E+12,2.29789E+12,2.41894E+12,2.58808E+12,2.96973E+12,2.79338E+12,2.31458E+12,2.4035E+12,2.5949E+12,2.63047E+12,2.7123E+12,2.9902E+12,2.84876E+12,
Georgia,GEO,2800024314,3057453483,3219487825,3395778674,3991374549,5125273881,6410941013,7745406201,10172869680,12795044473,10766809099,11638536891,14434619982,15846474596,16140047072,16509305828,13965385802,
Ghana,GHA,7719354839,4983024408,5314909954,6166330136,7632406553,8881368538,10731634117,20409257610,24758819718,28526891010,25977847814,32174772956,39566292433,41939728979,47805069495,38616536132,37864368220,
Gibraltar,GIB,,,,,,,,,,,,,,,,,,
Guinea,GIN,3461282294,2995360969,2833442750,2949637039,3446442219,3666349049,2937071767,2931625105,4134173275,4515824647,4609923756,4735956493,5067360009,5667229759,6231725485,6624068016,6699203543,
"Gambia, The",GMB,814723460.1,782915402.4,687408804.6,578236035.1,487038821.6,578785278.8,624174723.7,655068696,798870894.2,965769128.2,900639747.9,952429030.4,904256643.4,912569686.8,903779657.1,850903179.3,,
Guinea-Bissau,GNB,224446652.1,370173851.9,392278164.4,415843479.8,476388249.3,531109346.8,586791836.1,591829897.5,695606313.9,864107768.3,825796952.7,847491366.9,1105497904,995582730.6,1026663833,1109009638,1056851008,
Equatorial Guinea,GNQ,621117885.7,1045998496,1461139022,1806742742,2484745935,4410764339,8217369093,9144693758,10776721748,16021701872,10219467607,12709498548,17229758160,18011041667,17135584685,15529729677,9397792253,
Greece,GRC,1.42541E+11,1.30134E+11,1.36191E+11,1.53831E+11,2.01924E+11,2.40521E+11,2.47783E+11,2.73318E+11,3.18498E+11,3.54461E+11,3.3E+11,2.99379E+11,2.8778E+11,2.45671E+11,2.3951E+11,2.35574E+11,1.95212E+11,
Grenada,GRD,379629407.4,520044370.4,520444185.2,540336925.9,591018407.4,599118592.6,695370296.3,698518518.5,758518518.5,825925925.9,771278111.1,771015888.9,778648666.7,799882148.1,842571333.3,911803777.8,978148148.1,
Greenland,GRL,1131555107,1068024994,1086170639,1169136691,1402452662,1617227234,1650283229,1811232805,2039990870,2301745558,2314737667,2287220565,2503747857,2356004771,2419043094,2441226080,,
Guatemala,GTM,18317172141,19290566570,18702802399,20776403844,21917430474,23965276000,27211377220,30231249362,34113107085,39136436553,37733609939,41338008617,47654783851,50388460920,53851143341,58722323918,63794348775,
Guam,GUM,,,,,,,,,,,,,,,,,,
Guyana,GUY,694754988.3,712667896.7,696281471.7,722460886.4,741929342.8,785918769.6,824880550.3,1458446872,1740334782,1922598121,2025565089,2259288396,2576602497,2851154076,2990006534,3077086276,3166029056,
High income,HIC,2.68116E+13,2.73524E+13,2.71069E+13,2.82723E+13,3.17138E+13,3.53064E+13,3.73259E+13,3.9416E+13,4.3123E+13,4.57986E+13,4.29212E+13,4.50046E+13,4.85502E+13,4.85742E+13,4.90638E+13,4.99742E+13,4.69852E+13,
"Hong Kong SAR, China",HKG,1.65768E+11,1.71668E+11,1.69403E+11,1.66349E+11,1.61385E+11,1.691E+11,1.8157E+11,1.93536E+11,2.11597E+11,2.1928E+11,2.14046E+11,2.28638E+11,2.48514E+11,2.62629E+11,2.75743E+11,2.9123E+11,3.09929E+11,
Honduras,HND,5372543554,7105542971,7566498403,7776435882,8140271081,8772194250,9672035709,10841742348,12275501784,13789715133,14587496229,15839344592,17710315006,18528601901,18496438641,19380958759,20152043003,
Heavily indebted poor countries (HIPC),HPC,1.43052E+11,1.55067E+11,1.47408E+11,1.60218E+11,1.82329E+11,2.09457E+11,2.42143E+11,2.89279E+11,3.44282E+11,4.14835E+11,4.18406E+11,4.63042E+11,5.18092E+11,5.51768E+11,5.98257E+11,6.31606E+11,6.17584E+11,
Croatia,HRV,23386945597,21774273832,23289671102,26878499206,34658113497,41574530816,45416076681,50453577898,60093155533,70481451814,62703095751,59680624422,62249565359,56485301967,57770884729,57136241867,48732003674,
Haiti,HTI,4153736347,3953846311,3596443005,3472191962,2960306121,3537720277,4310358096,4757289752,5885325590,6548530572,6584649419,6622541529,7516834160,7890216508,8452718010,8776370457,8877465911,
Hungary,HUN,49032987301,47169872903,53656435272,67516529107,84998508738,1.03641E+11,1.12531E+11,1.14734E+11,1.3908E+11,1.57095E+11,1.29774E+11,1.30094E+11,1.39931E+11,1.27176E+11,1.34402E+11,1.38347E+11,1.20687E+11,
IBRD only,IBD,5.28151E+12,5.74455E+12,5.82422E+12,5.91033E+12,6.67177E+12,7.93333E+12,9.47719E+12,1.12326E+13,1.39859E+13,1.67786E+13,1.62617E+13,1.97667E+13,2.33079E+13,2.46774E+13,2.60647E+13,2.67149E+13,2.50656E+13,
IDA & IBRD total,IBT,5.70978E+12,6.21567E+12,6.28619E+12,6.40474E+12,7.23022E+12,8.58277E+12,1.02303E+13,1.21343E+13,1.50401E+13,1.80438E+13,1.75108E+13,2.13462E+13,2.51027E+13,2.66169E+13,2.8159E+13,2.89783E+13,2.72836E+13,
IDA total,IDA,4.29764E+11,4.73036E+11,4.63116E+11,4.96725E+11,5.61088E+11,6.51922E+11,7.54991E+11,9.04242E+11,1.05408E+12,1.26505E+12,1.24974E+12,1.58245E+12,1.79607E+12,1.94143E+12,2.09566E+12,2.26582E+12,2.22099E+12,
IDA blend,IDB,1.96572E+11,2.20552E+11,2.15114E+11,2.32952E+11,2.64168E+11,3.15237E+11,3.70481E+11,4.53652E+11,5.18206E+11,6.27527E+11,6.00784E+11,8.51673E+11,9.84135E+11,1.08197E+12,1.17877E+12,1.27862E+12,1.21973E+12,
Indonesia,IDN,1.40001E+11,1.65021E+11,1.60447E+11,1.95661E+11,2.34772E+11,2.56837E+11,2.85869E+11,3.64571E+11,4.32217E+11,5.10229E+11,5.3958E+11,7.55094E+11,8.92969E+11,9.1787E+11,9.12524E+11,8.90487E+11,8.61934E+11,
IDA only,IDX,2.3532E+11,2.54268E+11,2.4985E+11,2.65503E+11,2.98757E+11,3.37877E+11,3.85278E+11,4.50382E+11,5.36835E+11,6.38037E+11,6.51082E+11,7.25817E+11,8.04845E+11,8.50198E+11,9.06961E+11,9.76357E+11,9.91556E+11,
Isle of Man,IMN,1567465657,1563667800,1614595291,1897606791,2264911807,2758117365,2971167185,3344402193,5686310749,5827830311,5047757848,5420291955,6066057183,6432879504,6754330155,,,
India,IND,4.66867E+11,4.76609E+11,4.93954E+11,5.23968E+11,6.18356E+11,7.21585E+11,8.34215E+11,9.49117E+11,1.2387E+12,1.2241E+12,1.36537E+12,1.70846E+12,1.81587E+12,1.82496E+12,1.86321E+12,2.04244E+12,2.07354E+12,
Not classified,INX,,,,,,,,,,,,,,,,,,
Ireland,IRL,98688885468,99833960199,1.09077E+11,1.27938E+11,1.64537E+11,1.93911E+11,2.11389E+11,2.31995E+11,2.69715E+11,2.74714E+11,2.35387E+11,2.20076E+11,2.41785E+11,2.24652E+11,2.3826E+11,2.50814E+11,2.3802E+11,
"Iran, Islamic Rep.",IRN,1.13848E+11,1.09592E+11,1.26879E+11,1.28627E+11,1.53545E+11,1.83697E+11,2.19846E+11,2.58646E+11,3.37474E+11,3.9719E+11,3.98978E+11,4.6779E+11,5.92038E+11,5.87209E+11,5.11621E+11,4.25326E+11,,
Iraq,IRQ,,,,,,36627901762,49954890353,65140293688,88840050497,1.31614E+11,1.11661E+11,1.38517E+11,1.8575E+11,2.18001E+11,2.32497E+11,2.23508E+11,1.68607E+11,
Iceland,ISL,8928185824,8924735423,8126161154,9161798221,11297018603,13704440838,16749309720,17041293816,21293841230,17530651670,12855269884,13236887873,14665358677,14194519025,15376604281,17036097482,16598494831,
Israel,ISR,1.17212E+11,1.32397E+11,1.30752E+11,1.21093E+11,1.2675E+11,1.35419E+11,1.42838E+11,1.54511E+11,1.79564E+11,2.1676E+11,2.08069E+11,2.34322E+11,2.61764E+11,2.59614E+11,2.92408E+11,3.05675E+11,2.96075E+11,
Italy,ITA,1.24856E+12,1.14176E+12,1.16232E+12,1.26651E+12,1.56965E+12,1.79831E+12,1.85266E+12,1.94263E+12,2.20305E+12,2.39073E+12,2.18516E+12,2.12518E+12,2.27615E+12,2.07282E+12,2.13033E+12,2.13854E+12,1.81476E+12,
Jamaica,JAM,8795765306,8929375580,9087918837,9694161516,9399452788,10150978155,11204416000,11905525197,12824094990,13678551838,12037473161,13190512703,14396816914,14746420946,14262303586,13927110142,14005654599,
Jordan,JOR,8147494358,8457923956,8972965058,9580161861,10193023676,11407566734,12588665303,15056936953,17110609732,21971835283,23818322958,26425379437,28840263380,30937277606,33593843662,35826925775,37517410299,
Japan,JPN,4.4326E+12,4.7312E+12,4.15986E+12,3.98082E+12,4.30294E+12,4.6558E+12,4.57187E+12,4.35675E+12,4.35635E+12,4.84918E+12,5.03514E+12,5.49872E+12,5.90899E+12,5.95725E+12,4.90886E+12,4.59616E+12,4.12326E+12,
Kazakhstan,KAZ,16870817135,18291990619,22152689130,24636598581,30833692831,43151647003,57123671734,81003884545,1.0485E+11,1.33442E+11,1.15309E+11,1.48047E+11,2.00379E+11,2.15902E+11,2.43775E+11,2.27437E+11,1.84361E+11,
Kenya,KEN,12896013577,12705357103,12986007426,13147743911,14904517650,16095337094,18737895401,25825524821,31958195182,35895153328,37021512049,39999659234,41953433591,50410164014,55100780396,61395415492,63398041540,
Kyrgyz Republic,KGZ,1249062025,1369691955,1525113501,1605640633,1919012781,2211535312,2460246796,2834168889,3802566171,5139957785,4690062255,4794357795,6197766119,6605139933,7335027592,7468096567,6571853849,
Cambodia,KHM,3517242477,3654031716,3979813388,4284028138,4658246907,5337833256,6293046162,7274595707,8639235842,10351914093,10401851851,11242275199,12829541141,14038383450,15449630419,16777820333,18049954289,
Kiribati,KIR,70596129.03,67512697.12,63101272.37,72259045.96,90148518.06,102220914.8,106149546.4,104668674.7,123002259.2,135044455.6,127125253.5,150431113.6,172253739,174984468.8,168951535,166756805.5,145237022,
St. Kitts and Nevis,KNA,389984428.9,420086753.4,460467986.5,480825603.4,463418863.3,501150888.9,543169963,636071000,684148703.7,734660333.3,708891296.3,692457407.4,728050629.6,731919888.9,787290370.4,864766185.2,921888851.9,
"Korea, Rep.",KOR,4.86315E+11,5.61633E+11,5.33052E+11,6.0902E+11,6.80521E+11,7.64881E+11,8.98137E+11,1.0118E+12,1.12268E+12,1.00222E+12,9.01935E+11,1.0945E+12,1.20246E+12,1.22281E+12,1.3056E+12,1.41133E+12,1.37787E+12,
Kosovo,KSV,,1849196082,2535333632,2702427047,3355083117,3639935348,3736599925,4078158324,4833561456,5687488209,5653792720,5829933775,6692521546,6500321213,7073021774,7384901154,6385937673,
Kuwait,KWT,30121879435,37711864407,34890772742,38137545245,47875838926,59440108585,80797945205,1.01551E+11,1.14641E+11,1.47396E+11,1.059E+11,1.15419E+11,1.54028E+11,1.7407E+11,1.74161E+11,1.63612E+11,1.12812E+11,
Latin America & Caribbean (excluding high income),LAC,1.86819E+12,2.07101E+12,2.01369E+12,1.79136E+12,1.84005E+12,2.12145E+12,2.57939E+12,3.02985E+12,3.59885E+12,4.21473E+12,3.95328E+12,4.92627E+12,5.60461E+12,5.63695E+12,5.7656E+12,5.75203E+12,4.85496E+12,
Lao PDR,LAO,1454430642,1731198022,1768619058,1758176653,2023324407,2366398120,2735558735,3452882514,4222962988,5443915121,5832915387,7181441140,8283218734,9359185244,11192471435,11715619756,12327488341,
Lebanon,LBN,17391056369,17260364842,17649751244,19152238806,20082918740,20955223881,21287562189,21796351575,24577114428,28829850746,35139635158,38009950249,40078938640,43205095854,44352418120,45730945274,47102873632,
Liberia,LBR,441800000,529064600,521000000,543000000,416000000,474700000,550000000,604028900,739027200,850040500,1155147400,1292697100,1545400000,1735500000,1946500000,2013000000,2053000000,
Libya,LBY,35976714101,38270206950,34110064452,20481889764,26265625000,33122307692,47334148578,54961936663,67516236338,87140405361,63028320702,74773444901,34699395524,81905365776,65504442872,41142722414,29152707345,
St. Lucia,LCA,692507407.4,780895370.4,742383570.8,746048893.3,810093360.7,890757609.7,946681289,1074708501,1173341556,1194493407,1186800333,1249497000,1290025296,1311133148,1334385778,1404430556,1436390326,
Latin America & Caribbean,LCN,2.04753E+12,2.26208E+12,2.20458E+12,1.97656E+12,2.0365E+12,2.3504E+12,2.84475E+12,3.33584E+12,3.93535E+12,4.57717E+12,4.30172E+12,5.33558E+12,6.06238E+12,6.11386E+12,6.26608E+12,6.23385E+12,5.29832E+12,
Least developed countries: UN classification,LDC,1.89724E+11,2.15632E+11,2.0803E+11,2.25087E+11,2.52099E+11,2.92867E+11,3.46657E+11,4.04473E+11,4.93872E+11,6.07887E+11,6.0669E+11,6.78321E+11,7.68609E+11,8.10412E+11,8.58216E+11,9.24689E+11,9.11204E+11,
Low income,LIC,98205827615,1.13343E+11,1.02348E+11,1.10546E+11,1.21417E+11,1.38411E+11,1.59882E+11,1.77365E+11,2.11516E+11,2.54747E+11,2.67296E+11,2.89212E+11,3.25849E+11,3.4997E+11,3.7843E+11,4.06539E+11,3.92904E+11,
Liechtenstein,LIE,2664105901,2483890594,2491800559,2688617885,3070803439,3454374270,3659320087,4000101033,4601430549,5081479840,4504376590,5082338965,5739705822,5487773452,,,,
Sri Lanka,LKA,15625169875,16330814180,15746229582,16536535647,18881765437,20662525941,24406252457,28279814925,32350248411,40713812310,42066217872,56725745039,65292741297,68434399083,74294206491,80028186275,82316172384,
Lower middle income,LMC,1.2664E+12,1.33727E+12,1.35267E+12,1.45004E+12,1.66069E+12,1.89721E+12,2.17933E+12,2.58124E+12,3.17385E+12,3.53176E+12,3.63038E+12,4.60154E+12,5.12098E+12,5.35744E+12,5.57235E+12,5.86431E+12,5.82036E+12,
Low & middle income,LMY,5.44898E+12,5.94889E+12,6.00824E+12,6.12495E+12,6.91951E+12,8.20598E+12,9.77445E+12,1.16108E+13,1.44042E+13,1.72817E+13,1.68676E+13,2.06141E+13,2.42832E+13,2.58202E+13,2.73225E+13,2.8142E+13,2.65451E+13,
Lesotho,LSO,801538587.4,771261707.8,706400239.3,656752929.1,969167237.3,1234215385,1368352570,1428852972,1597476793,1630672203,1711412960,2187482926,2523309140,2384043849,2218102350,2181300506,,
Late-demographic dividend,LTE,3.08558E+12,3.39543E+12,3.50815E+12,3.7148E+12,4.23721E+12,5.08921E+12,6.13856E+12,7.40751E+12,9.33124E+12,1.15978E+13,1.11979E+13,1.34404E+13,1.63835E+13,1.7487E+13,1.88234E+13,1.94961E+13,1.81398E+13,
Lithuania,LTU,10972878636,11539211480,12252498921,14278357284,18802576988,22649930576,26125575942,30216060233,39738180077,47850551149,37440673478,37132564255,43505562065,42852204396,46418255975,48353937110,41243983587,
Luxembourg,LUX,22343344130,21375345495,21052080537,23308582722,29206884876,34343804321,36977365999,41913561661,50323159047,55144865973,50386496249,52351655629,58697386711,55986712368,61794506556,64873963098,57793612066,
Latvia,LVA,7530139323,7934770568,8347312514,9537868349,11734856721,14359465331,16903250778,21410923000,30847189167,35542093261,26144610787,23743309486,28385281828,28023276372,30221574615,31286809075,27035266718,
"Macao SAR, China",MAC,5916920007,6101794939,6811252879,7322690268,8194995761,10585562564,12092284455,14789661809,18340472131,20917457388,21475520709,28123640999,36709847597,43028648669,51548871616,55522993327,46177532874,
St. Martin (French part),MAF,,,,,,,,,,,,,,,,,,
Morocco,MAR,41632027600,38857251336,39459581217,42236836821,52064058834,59626020162,62343022651,68640825481,79041539006,92507257784,92897320376,93216746662,1.0137E+11,98266306615,1.07235E+11,1.10009E+11,1.0036E+11,
Monaco,MCO,2906009308,2647883820,2671401083,2905973022,3588988601,4110348444,4280072626,4663488363,5974371696,6919241412,5557245122,5350674803,6074884389,,,,,
Moldova,MDA,1170785048,1288420223,1480656884,1661818168,1980901554,2598231467,2988338439,3408272498,4401154128,6054806101,5439422031,5811604052,7015206498,7284686576,7985349731,7983271111,6551161404,
Madagascar,MDG,3717515283,3877673539,4529575348,4397254608,5474030080,4363934494,5039293031,5515884349,7342923489,9413002921,8550363975,8729936136,9892702358,9919780071,10613473833,11011062173,9980522718,
Maldives,MDV,589239753.6,624337145.3,884276168.3,910864148.4,1043403344,1202240023,1119806500,1474698125,1745998938,2117773602,2166330188,2323401758,2449576517,2514041557,2795200010,3063899508,3142812004,
Middle East & North Africa,MEA,8.66022E+11,9.65694E+11,9.69155E+11,9.65431E+11,1.08745E+12,1.26431E+12,1.52338E+12,1.78328E+12,2.11516E+12,2.64229E+12,2.3561E+12,2.74264E+12,3.2875E+12,3.558E+12,3.5839E+12,3.52699E+12,3.1136E+12,
Mexico,MEX,5.7946E+11,6.83648E+11,7.24704E+11,7.41559E+11,7.13284E+11,7.70268E+11,8.66346E+11,9.65281E+11,1.04347E+12,1.10128E+12,8.94949E+11,1.05113E+12,1.17119E+12,1.1866E+12,1.26183E+12,1.29785E+12,1.14433E+12,
Marshall Islands,MHL,107978893.1,110937729.4,115152142.7,124735071.9,126887585.5,131106365.5,137744500,143656582.8,150071644.8,152793449.1,152130186,163803078.3,172861423.4,184439555.5,190180248.3,186716625.8,,
Middle income,MIC,5.35299E+12,5.83877E+12,5.90754E+12,6.01675E+12,6.80038E+12,8.06967E+12,9.61651E+12,1.14343E+13,1.41928E+13,1.70272E+13,1.66015E+13,2.03246E+13,2.39561E+13,2.54692E+13,2.69434E+13,2.77353E+13,2.61521E+13,
"Macedonia, FYR",MKD,3673288264,3772851420,3709637830,4018365247,4946292775,5682719260,6258600714,6861222332,8336478142,9909548411,9401731496,9407168702,10494632699,9745251126,10817712139,11318966947,10086021261,
Mali,MLI,3439463140,2954129566,3465305993,3889758024,4703504466,5444474268,6245031690,6899799786,8145694632,9750822511,10181021770,10678749467,12978107561,12442747897,13245777670,14388384093,13100263697,
Malta,MLT,3907947937,3957418083,3917620728,4296164768,5119621569,5643525282,5990648162,6365500032,7466219569,8554293727,8099400961,8163355021,9302635890,8882509104,9642848650,,,
Myanmar,MMR,,,,,,,,,,,,,,74690222131,58652652371,64330041773,64865515159,
Middle East & North Africa (excluding high income),MNA,4.36038E+11,4.5182E+11,4.67521E+11,4.53839E+11,5.11962E+11,5.8634E+11,6.91546E+11,8.03411E+11,9.9402E+11,1.22931E+12,1.18326E+12,1.36294E+12,1.57572E+12,1.70878E+12,1.65859E+12,1.55994E+12,,
Montenegro,MNE,,984279598.3,1159891557,1284504508,1707662613,2073255525,2257118341,2696020575,3668857104,4519731947,4141382328,4139192053,4538199889,4087725813,4464497584,4587741791,3992640233,
Mongolia,MNG,1057408608,1136896162,1267997923,1396555772,1595297301,1992066759,2523471602,3414055663,4234999703,5623216610,4583850368,7189482030,10409797336,12292770631,12582122604,12226514715,11757940909,
Northern Mariana Islands,MNP,,,,,,,,,,,,,,,,,,
Mozambique,MOZ,5302532113,5016469069,4766928747,5031510909,5597367853,6831808930,7723846195,8312078525,9366742309,11494837053,10911698208,10154238250,13131168012,14534278446,16018848991,16945889410,14688606238,
Mauritania,MRT,1405662879,1293654175,1295539448,1324426607,1563074860,1833444740,2184444849,3040716679,3356757497,4031047704,3662281668,4337791531,5166340391,5231255478,5645739652,5442297174,,
Mauritius,MUS,4291171396,4582562399,4536544700,4767303154,5609836355,6385691317,6283796155,6731529168,7792052680,9641089805,8834661043,9718233911,11252386261,11445657238,11931866299,12612959480,11510952257,
Malawi,MWI,1775920040,1743506287,1716502070,3495597587,3209167240,3476333639,3655892942,3998020177,4432937046,5321012192,6191127665,6959655571,8004000737,6028487929,5518880769,6047813437,6565382259,
Malaysia,MYS,79148947368,93789736842,92783947368,1.00845E+11,1.10202E+11,1.2475E+11,1.43534E+11,1.62691E+11,1.93548E+11,2.30814E+11,2.02258E+11,2.55017E+11,2.97952E+11,3.14443E+11,3.23343E+11,3.38104E+11,2.96218E+11,
North America,NAC,1.034E+13,1.10306E+13,1.13619E+13,1.17394E+13,1.24072E+13,1.33026E+13,1.4268E+13,1.51767E+13,1.59485E+13,1.62738E+13,1.57957E+13,1.65835E+13,1.73122E+13,1.79851E+13,1.85062E+13,1.91376E+13,1.95034E+13,
Namibia,NAM,3818954448,3908661518,3546783708,3361251198,4931312147,6606858786,7261333795,7978734402,8740865600,8486721917,8876191121,11282192605,12409629836,13016152024,12720433346,12838336840,11546088223,
New Caledonia,NCL,3056999988,2682347064,,,,,,,,,,,,,,,,
Niger,NER,2018193703,1798374468,1945327565,2170481509,2731416346,3052898739,3405134832,3646728060,4291363391,5403363917,5397121856,5718589799,6409169890,6942209595,7667951988,8245312137,7142951342,
Nigeria,NGA,35870792988,46385996029,44138014092,59116868251,67655840108,87845403978,1.12248E+11,1.4543E+11,1.66451E+11,2.08065E+11,1.69481E+11,3.69062E+11,4.11744E+11,4.60954E+11,5.14966E+11,5.68499E+11,4.81066E+11,
Nicaragua,NIC,4855717875,5107329007,5323146566,5224213018,5322454926,5795568205,6321335612,6786294637,7458103362,8491388729,8380731880,8741313140,9755619760,10438842116,10874735111,11790221756,12692562187,
Netherlands,NLD,4.41975E+11,4.12807E+11,4.26574E+11,4.65369E+11,5.71863E+11,6.50533E+11,6.78534E+11,7.26649E+11,8.3942E+11,9.36228E+11,8.57933E+11,8.3644E+11,8.93702E+11,8.28947E+11,8.64169E+11,8.79319E+11,7.52547E+11,
Norway,NOR,1.62286E+11,1.71316E+11,1.74003E+11,1.95418E+11,2.28752E+11,2.64357E+11,3.08722E+11,3.45425E+11,4.00884E+11,4.61947E+11,3.86384E+11,4.28525E+11,4.98157E+11,5.09705E+11,5.22746E+11,5.00519E+11,3.88315E+11,
Nepal,NPL,5033642384,5494252208,6007061224,6050875807,6330476435,7273933993,8130258976,9043715356,10325618017,12545438605,12854985464,16002656434,18913574371,18851513891,19271168018,19769642123,20880545907,
Nauru,NRU,,,,,,,,,,,,,,,,,,
New Zealand,NZL,58761222689,52623281957,53872425917,66628222189,88250885550,1.03905E+11,1.14719E+11,1.11607E+11,1.37315E+11,1.33279E+11,1.21337E+11,1.46585E+11,1.68463E+11,1.76617E+11,1.90691E+11,2.00142E+11,1.73754E+11,
OECD members,OED,2.65733E+13,2.71216E+13,2.6886E+13,2.80714E+13,3.14597E+13,3.50178E+13,3.69991E+13,3.90258E+13,4.26931E+13,4.51779E+13,4.2271E+13,4.43149E+13,4.75809E+13,4.74543E+13,4.79485E+13,4.87959E+13,4.5865E+13,
Oman,OMN,15710148244,19507412224,19452015605,20142782835,21633810143,24763589077,31081924577,37215864759,42085305592,60905331599,48388296489,58641352406,67937581274,76341482445,78182574772,81796618986,70254876463,
Other small states,OSS,79925919932,90268341494,89693165619,96746065026,1.20099E+11,1.48765E+11,1.80397E+11,2.11132E+11,2.57906E+11,3.14948E+11,2.68642E+11,3.12831E+11,3.91014E+11,4.09632E+11,4.26362E+11,4.40528E+11,3.68046E+11,
Pakistan,PAK,62973855719,73952374970,72309738921,72306820396,83244801093,97977766198,1.09502E+11,1.37264E+11,1.52386E+11,1.70078E+11,1.68153E+11,1.77407E+11,2.13755E+11,2.24646E+11,2.3115E+11,2.43383E+11,2.69971E+11,
Panama,PAN,12130118300,12303975900,12501974600,12994218400,13693884200,15013275300,16374277900,18144936600,20958000000,24522200000,26593500000,28917200000,34373820500,39954761200,44856189500,49165773100,52132289700,
Peru,PER,49332889437,50980861887,51592365725,54436633340,59030590739,66695121800,74947898080,87862091339,1.02171E+11,1.21572E+11,1.21192E+11,1.48522E+11,1.70575E+11,1.92703E+11,2.02029E+11,2.02855E+11,1.92084E+11,
Philippines,PHL,82995147090,81026297144,76262072022,81357602950,83908206456,91371239765,1.03072E+11,1.22211E+11,1.4936E+11,1.74195E+11,1.68335E+11,1.99591E+11,2.24143E+11,2.50092E+11,2.71927E+11,2.84777E+11,2.91965E+11,
Palau,PLW,113485000,149300000,160000000,163500000,159900000,175300000,193300000,194700000,196000000,198100000,186400000,183800000,199900000,214200000,228700000,250900000,287400000,
Papua New Guinea,PNG,3477060138,3521348155,3081029666,2999542369,3536459111,3927114466,4865971718,5527856839,6340673794,8000074071,8105331930,9716103409,12873049346,15391629871,15413163675,16928680397,,
Poland,POL,1.68225E+11,1.71886E+11,1.90521E+11,1.98681E+11,2.17513E+11,2.53529E+11,3.0441E+11,3.43261E+11,4.28763E+11,5.30185E+11,4.36476E+11,4.79243E+11,5.28742E+11,5.00228E+11,5.24059E+11,5.44982E+11,4.74783E+11,
Pre-demographic dividend,PRE,1.81523E+11,2.11779E+11,2.00715E+11,2.37033E+11,2.74046E+11,3.32056E+11,4.1146E+11,5.1278E+11,6.26616E+11,7.98863E+11,7.22411E+11,1.0015E+12,1.15838E+12,1.26703E+12,1.3831E+12,1.4639E+12,1.26692E+12,
Puerto Rico,PRI,57840954000,61701810000,69668635000,72546194000,75833996000,80322313000,83914521341,87276164365,89524131617,93639316000,96385638000,98381268000,1.00352E+11,1.01081E+11,1.03135E+11,,,
"Korea, Dem. People’s Rep.",PRK,,,,,,,,,,,,,,,,,,
Portugal,PRT,1.27466E+11,1.18358E+11,1.21546E+11,1.34229E+11,1.64964E+11,1.89187E+11,1.97305E+11,2.08567E+11,2.40169E+11,2.62008E+11,2.43746E+11,2.38318E+11,2.4488E+11,2.16368E+11,2.26073E+11,2.30117E+11,1.98931E+11,
Paraguay,PRY,8392549702,8195993231,7662595076,6325151760,6588103836,8033877360,8734653809,10646157920,13794910634,18504130753,15929902138,20030528043,25071195492,24611039786,28965906502,30881166852,27622778722,
Pacific island small states,PSS,3733751237,3480881464,3406191543,3593475492,4219685168,4874134376,5336625074,5603797797,6171252267,6584689096,5852508156,6469972334,7677505381,8118903224,8365969512,8845723924,8625970093,
Post-demographic dividend,PST,2.56245E+13,2.60443E+13,2.582E+13,2.69461E+13,3.02398E+13,3.36051E+13,3.53602E+13,3.72126E+13,4.06211E+13,4.29082E+13,4.04022E+13,4.21625E+13,4.52362E+13,4.51627E+13,4.5515E+13,4.62995E+13,4.36384E+13,
French Polynesia,PYF,3797016069,3447543138,,,,,,,,,,,,,,,,
Qatar,QAT,12393131868,17759890110,17538461538,19363736264,23533791209,31734065934,44530494505,60882142857,79712087912,1.1527E+11,97798351648,1.25122E+11,1.69805E+11,1.9029E+11,2.01885E+11,2.10109E+11,1.66908E+11,
Romania,ROU,36183003978,37438527800,40716836998,46174557556,59867801205,76216441462,99697566668,1.23533E+11,1.71537E+11,2.08182E+11,1.67423E+11,1.67998E+11,1.85363E+11,1.71665E+11,1.91549E+11,1.99324E+11,1.77954E+11,
Russian Federation,RUS,1.95906E+11,2.59708E+11,3.06603E+11,3.4511E+11,4.30348E+11,5.91017E+11,7.64017E+11,9.89931E+11,1.29971E+12,1.66085E+12,1.22264E+12,1.52492E+12,2.03177E+12,2.17015E+12,2.23063E+12,2.03097E+12,1.32602E+12,
Rwanda,RWA,1817655192,1734938190,1674685126,1677447003,1845979351,2089188921,2581465675,3110328011,3775447706,4796573531,5308990459,5698548988,6406727230,7219657132,7522006198,7912161660,8095980014,
South Asia,SAS,6.05085E+11,6.29218E+11,6.45831E+11,6.79163E+11,7.93222E+11,9.19798E+11,1.05391E+12,1.20495E+12,1.52616E+12,1.55263E+12,1.70684E+12,2.09372E+12,2.26467E+12,2.29512E+12,2.36255E+12,2.58358E+12,2.66609E+12,
Saudi Arabia,SAU,1.60957E+11,1.88442E+11,1.83012E+11,1.88551E+11,2.14573E+11,2.58742E+11,3.2846E+11,3.769E+11,4.15965E+11,5.19797E+11,4.29098E+11,5.26811E+11,6.69507E+11,7.33956E+11,7.44336E+11,7.53831E+11,6.46002E+11,
Sudan,SDN,10682045258,12257418326,13182979784,14803189093,17646503525,21457470203,26524538566,35822408612,45898948564,54526580232,53150209168,65634109237,67327289320,62688889673,66480141187,73814947341,84066770983,
Senegal,SEN,5144045360,4679604754,4877602060,5333862371,6858952880,8031344381,8707015771,9358710935,11284603071,13386345215,12812994419,12932428288,14440676929,14045681414,14951667194,15657551477,13779570706,
Singapore,SGP,86283126844,95833932715,89286208629,91941192896,97001377569,1.14189E+11,1.27418E+11,1.47797E+11,1.79981E+11,1.92226E+11,1.92408E+11,2.36422E+11,2.75221E+11,2.89269E+11,3.00288E+11,3.06344E+11,2.92739E+11,
Solomon Islands,SLB,482214092.3,435101217.5,400464594,341663056,332736306.5,375109694.3,413911362.3,456707935,516074229,608292551.5,597762270.8,671585231.6,886503123.8,1025124684,1059695156,1158190175,1156834751,
Sierra Leone,SLE,669384768.9,635874002.2,1079478388,1239004288,1371442566,1431208677,1627854495,1885112202,2158496873,2505458705,2489985963,2616610911,2985556819,3853432409,4958754472,5005662071,4474689706,
El Salvador,SLV,12464700000,13134100000,13812700000,14306700000,15046700000,15798300000,17093800000,18550700000,20104900000,21431000000,20661000000,21418300000,23139000000,23813600000,24350900000,25054200000,25850200000,
San Marino,SMR,853373879.7,773907642.4,815205233.1,879957209.9,1122981525,1317357835,1375416604,1469000145,1687567364,1899879955,,,,,,,,
Somalia,SOM,,,,,,,,,,,,,,,5352000000,5707000000,5953000000,
Serbia,SRB,18409364147,6540247190,12267175481,16116843146,21188704081,24861483281,26252007830,30607991862,40289556656,49259526053,42616653300,39460357731,46466728667,40742313861,45519650911,44210806366,36513027128,
Sub-Saharan Africa (excluding high income),SSA,3.42542E+11,3.67066E+11,3.41631E+11,3.66097E+11,4.67773E+11,5.81768E+11,6.84119E+11,7.9845E+11,9.28047E+11,1.05913E+12,1.0121E+12,1.35442E+12,1.52613E+12,1.59484E+12,1.67732E+12,1.75306E+12,1.57143E+12,
South Sudan,SSD,,,,,,,,,,15550136279,12231362023,15727363443,17826697892,10368813559,13257635695,13282084034,9015221096,
Sub-Saharan Africa,SSF,3.4317E+11,3.67685E+11,3.42259E+11,3.668E+11,4.68483E+11,5.82612E+11,6.85043E+11,7.99471E+11,9.29084E+11,1.0601E+12,1.01295E+12,1.35539E+12,1.52719E+12,1.59598E+12,1.67874E+12,1.75449E+12,1.57287E+12,
Small states,SST,1.1337E+11,1.25931E+11,1.26224E+11,1.35248E+11,1.61764E+11,1.94771E+11,2.32344E+11,2.6912E+11,3.22358E+11,3.88025E+11,3.30416E+11,3.78924E+11,4.63285E+11,4.84196E+11,5.04038E+11,5.20631E+11,4.47702E+11,
Sao Tome and Principe,STP,,,72230284.44,80531992.12,96343906.43,105360801.9,126194166.2,134441116.9,145827429.6,189595284.4,192558289.7,195176113.4,239986643.5,265592759.8,305632896.2,337413477.2,,
Suriname,SUR,885444186,892164393.9,763465550.5,1078402128,1271196078,1484092538,1793776693,2626380435,2936612022,3532969035,3875409836,4368398048,4422276622,4980000000,5130909091,5210303030,4877888604,
Slovak Republic,SVK,30415095887,29114875622,30703017450,35083608131,46731767494,57240535138,62493023256,70388970016,86072414454,1.00077E+11,88661433732,89254437086,97919794273,93049717830,98028544875,1.00253E+11,86581789952,
Slovenia,SVN,22689993408,20342197589,20875389931,23563581047,29697443017,34470229198,36346971770,39587730523,48114700246,55589863776,50244790220,48016423841,51287600778,46240004973,47675792660,49491396798,42746980843,
Sweden,SWE,2.70848E+11,2.59802E+11,2.39917E+11,2.63926E+11,3.31109E+11,3.81705E+11,3.89042E+11,4.20032E+11,4.87816E+11,5.13966E+11,4.29657E+11,4.88379E+11,5.63113E+11,5.43881E+11,5.78742E+11,5.71101E+11,4.92618E+11,
Swaziland,SWZ,1547884442,1524496383,1349339652,1224226095,1854032546,2420645241,2584089444,2947943587,3053808159,3019779209,3144671159,3527776867,4963056465,4912817418,4562432041,4412891833,4060072444,
Sint Maarten (Dutch part),SXM,,,,,,,,,,,,,,,,,,
Seychelles,SYC,622985493.7,614879764.8,622262057.2,697518248.2,705704816,839319927.3,919103254.5,1016418229,1033561654,967199594,847397850.1,969936525.3,1065826670,1134267367,1411061261,1422530792,1437722206,
Syrian Arab Republic,SYR,15873875969,19325894913,21099833784,21582248882,21828144686,25086930693,28858965517,33332844575,40405006007,,,,,,,,,
Turks and Caicos Islands,TCA,,,,,,,,,,,,,,,,,,
Chad,TCD,1534673583,1385058162,1709347793,1987622279,2736666516,4414929220,6646663021,7422102520,8638711757,10351933632,9253484290,10657705072,12156380062,12368070169,12949854263,13922223234,10888798114,
East Asia & Pacific (IDA & IBRD countries),TEA,1.5718E+12,1.73146E+12,1.84452E+12,2.04116E+12,2.30687E+12,2.67521E+12,3.09249E+12,3.71987E+12,4.70257E+12,5.94365E+12,6.43914E+12,7.80516E+12,9.53553E+12,1.06342E+13,1.17146E+13,1.25895E+13,1.30425E+13,
Europe & Central Asia (IDA & IBRD countries),TEC,8.12583E+11,8.85523E+11,9.03338E+11,1.01322E+12,1.24621E+12,1.60851E+12,2.01244E+12,2.4357E+12,3.1278E+12,3.86712E+12,3.06063E+12,3.59253E+12,4.34764E+12,4.48993E+12,4.70054E+12,4.45724E+12,3.41129E+12,
Togo,TGO,1576094566,1294250233,1332328999,1474630207,1673690430,1937074572,2115154262,2202809251,2523462557,3163416242,3163000529,3172945645,3756023160,3866617463,4081112865,4482535926,4002723817,
Thailand,THA,1.26669E+11,1.26392E+11,1.20297E+11,1.34301E+11,1.52281E+11,1.72895E+11,1.89318E+11,2.21758E+11,2.62943E+11,2.91383E+11,2.81575E+11,3.40924E+11,3.70609E+11,3.97291E+11,4.19889E+11,4.0432E+11,3.95282E+11,
Tajikistan,TJK,1086567368,860550294.3,1080774006,1221113795,1554125543,2076148710,2312344311,2830228903,3719515379,5161298559,4979471964,5642221529,6522755783,7633036366,8506674783,9236309138,7853450374,
Turkmenistan,TKM,2450686660,2904662605,3534771969,4462028989,5977440583,6838351088,8104355717,10277598152,12664165103,19271523179,20214385965,22583157895,29233333333,35164210526,39197543860,43485614035,37334232257,
Latin America & the Caribbean (IDA & IBRD countries),TLA,1.94466E+12,2.15196E+12,2.0853E+12,1.85265E+12,1.90664E+12,2.21224E+12,2.69603E+12,3.1715E+12,3.76036E+12,4.39387E+12,4.1159E+12,5.14263E+12,5.86068E+12,5.90683E+12,6.05231E+12,6.02094E+12,5.11481E+12,
Middle East & North Africa (IDA & IBRD countries),TMN,4.31714E+11,4.47459E+11,4.63501E+11,4.50291E+11,5.08005E+11,5.82039E+11,6.86748E+11,7.98542E+11,9.88568E+11,1.22271E+12,1.17603E+12,1.35403E+12,1.56526E+12,1.69751E+12,1.64605E+12,1.54709E+12,,
Timor-Leste,TLS,,368000000,452000000,444000000,453000000,466000000,491000000,463000000,559000000,694000000,818000000,934000000,1138000000,1295000000,1319000000,1371172833,1412377919,
Tonga,TON,194669501.6,188623258.5,167042898.9,181801931.5,208098552.8,236247362.5,258739680.9,287983019.9,299657872,340041546.5,321303416.1,369816107,441232909.2,457244315.2,432889959.4,434386306.6,,
South Asia (IDA & IBRD),TSA,6.05085E+11,6.29218E+11,6.45831E+11,6.79163E+11,7.93222E+11,9.19798E+11,1.05391E+12,1.20495E+12,1.52616E+12,1.55263E+12,1.70684E+12,2.09372E+12,2.26467E+12,2.29512E+12,2.36255E+12,2.58358E+12,2.66609E+12,
Sub-Saharan Africa (IDA & IBRD countries),TSS,3.4317E+11,3.67685E+11,3.42259E+11,3.668E+11,4.68483E+11,5.82612E+11,6.85043E+11,7.99471E+11,9.29084E+11,1.0601E+12,1.01295E+12,1.35539E+12,1.52719E+12,1.59598E+12,1.67874E+12,1.75449E+12,1.57287E+12,
Trinidad and Tobago,TTO,6808982521,8154338233,8824873259,9008273721,11305459802,13280275123,15982282468,18369070083,21642304046,27870257894,19175196446,21037612736,24409826346,24580844843,27257411604,28874122634,27805745961,
Tunisia,TUN,22943685719,21473188882,22066101341,23142294436,27453084983,31183139301,32273007554,34378437265,38908069299,44856586316,43454935940,44050929160,45810626509,45044176964,46255554872,47603227897,43015089723,
Turkey,TUR,2.49751E+11,2.66568E+11,1.96005E+11,2.32535E+11,3.03005E+11,3.92166E+11,4.8298E+11,5.309E+11,6.47155E+11,7.30337E+11,6.14554E+11,7.31168E+11,7.74754E+11,7.88863E+11,8.23243E+11,7.98797E+11,7.18221E+11,
Tuvalu,TUV,13686699.57,13741844.59,13196254.87,15451309.04,18230911.04,21535683.88,21839543.63,22902861.45,27030374.03,30290219.76,27101076.28,31823518.62,39312016.5,39875750.67,38320765.12,37859554.46,,
Tanzania,TZA,9697847264,10185786383,10383560603,10805599893,11659129889,12825801581,16929976600,18610460327,21501741757,27368386358,28573777052,31407908612,33878631649,39087748240,44333456245,48030400964,44895392077,
Uganda,UGA,5998563258,6193246837,5840503869,6178563591,6336696289,7940362799,9013834373,9942597780,12292813603,14239026630,17878178831,20181796803,20262889524,23236898742,24662957836,26998477707,26369242278,
Ukraine,UKR,31580961263,31261718319,38009344577,42392896031,50132953288,64883060726,86142018069,1.07753E+11,1.42719E+11,1.79992E+11,1.17228E+11,1.36419E+11,1.6316E+11,1.75781E+11,1.81334E+11,1.31805E+11,90615023324,
Upper middle income,UMC,4.088E+12,4.50263E+12,4.55601E+12,4.56844E+12,5.14181E+12,6.1744E+12,7.43838E+12,8.85437E+12,1.10201E+13,1.34896E+13,1.29703E+13,1.57262E+13,1.88312E+13,2.01044E+13,2.13614E+13,2.18619E+13,2.03192E+13,
Uruguay,URY,23983945191,22823255802,20898788417,13606494599,12045631093,13686329890,17362857684,19579457966,23410572633,30366213118,31660911279,40284682481,47962439303,51265399743,57531233351,57235766827,53442697568,
United States,USA,9.66062E+12,1.02848E+13,1.06218E+13,1.09775E+13,1.15107E+13,1.22749E+13,1.30937E+13,1.38559E+13,1.44776E+13,1.47186E+13,1.44187E+13,1.49644E+13,1.55179E+13,1.61553E+13,1.66632E+13,1.73481E+13,1.7947E+13,
Uzbekistan,UZB,17078465982,13760374488,11401351420,9687951055,10128112401,12030023548,14307509839,17030896203,22311393928,27934030937,32816828373,39332770929,45324319955,51183443225,56795656325,63132848445,66732801393,
St. Vincent and the Grenadines,VCT,390719148.1,396270000,430040370.4,461883444.4,481806296.3,521975111.1,550728666.7,610778296.3,651436074.1,695428851.9,674922481.5,681225963,676129407.4,692933740.7,720636185.2,729738560.4,751373263,
"Venezuela, RB",VEN,97974136437,1.17148E+11,1.2291E+11,92889586976,83622191419,1.12451E+11,1.45513E+11,1.83478E+11,2.30364E+11,3.156E+11,3.29419E+11,3.93801E+11,3.16482E+11,3.81286E+11,3.71337E+11,,,
British Virgin Islands,VGB,,,,,,,,,,,,,,,,,,
Virgin Islands (U.S.),VIR,,,,,,,,,,,,,,,,,,
Vietnam,VNM,28683658005,33640085728,35291349277,37947904054,42717072778,49424107710,57633255739,66371664817,77414425532,99130304099,1.06015E+11,1.15932E+11,1.35539E+11,1.5582E+11,1.71222E+11,1.86205E+11,1.93599E+11,
Vanuatu,VUT,267999225.3,272014693.1,257926881.7,262603781.8,314463144,364996869.1,394962552.3,439376794.1,526428309.9,607958616.1,610066628.7,700804286.2,792149700.7,781702874.1,801787555.9,814954586.8,,
West Bank and Gaza,PSE,4271200000,4313600000,4003700000,3555800000,3968000000,4329200000,4831800000,4910100000,5505800000,6673500000,7268200000,8913100000,10459845737,11279400000,12476000000,12715600000,12677400000,
World,WLD,3.2283E+13,3.33213E+13,3.31342E+13,3.4418E+13,3.86563E+13,4.35349E+13,4.71212E+13,5.10453E+13,5.75428E+13,6.30878E+13,5.97933E+13,6.5612E+13,7.28181E+13,7.43733E+13,7.63626E+13,7.80885E+13,7.35023E+13,
Samoa,WSM,258833766.6,269019710.3,273088357.2,288078881.4,338838639.4,420320176.4,465568018.3,505832439.8,570469196.7,619260721.6,586153251.8,656789149.6,762098381.9,804209309.4,795753602.5,800418989.6,761037916.4,
"Yemen, Rep.",YEM,7641101221,9636342275,9854042165,10693278292,11777768087,13873500888,16753772448,19081726103,25633674564,30397203369,28459501430,30906753495,31078858746,32074766835,35954502304,,,
South Africa,ZAF,1.36632E+11,1.36362E+11,1.21516E+11,1.15482E+11,1.75257E+11,2.28594E+11,2.57773E+11,2.71639E+11,2.99415E+11,2.8677E+11,2.95936E+11,3.75349E+11,4.16597E+11,3.97386E+11,3.66058E+11,3.49873E+11,3.12798E+11,
"Congo, Dem. Rep.",COD,4711259427,19088046306,7438189100,8728038525,8937567060,10297483481,11964484668,14296507096,16364029327,19206060270,18262773821,20523285374,23849009738,27463220380,30014813756,32782281736,35237742278,
Zambia,ZMB,3404311977,3600683040,4094480988,4193845678,4901839731,6221077675,8331870169,12756858899,14056957976,17910858638,15328342304,20265552104,23459515284,25503060411,28045517946,27134637888,21201564248,
Zimbabwe,ZWE,6858013100,6689957600,6777384700,6342116400,5727591800,5805598400,5755215200,5443896500,5291950100,4415702800,8157077400,9422161300,10956226600,12392715500,13490227100,14196912500,13892940504,
